question_id,question,target_doc,topic,expected_answer_hint
Q01,"Under the corporate information security policy, what reporting and verification steps must general employees follow when they suspect a security concern?",A01_information_security_policy.txt,Information Security,"submit incident report via security portal; security team reviews, verifies scope/impact, confirms within 1-2 business days"
Q02,How are the request and approval procedures handled under the company password and MFA policy when registering or resetting an authentication device?,A02_password_and_mfa_policy.txt,Information Security,request via identity portal; IT admin reviews/approves within 1-2 business days; bypass codes need manager confirmation
Q03,Please summarize the approval criteria and review procedure under the corporate data export and loss prevention policy.,A03_data_export_dlp_policy.txt,Information Security,classification-based approval matrix; submit export request with justification; dept reviews/approves; bulk >10k needs security review
Q04,"Under the document classification policy, how do the review and approval criteria for assigning or changing classification levels work?",A04_document_classification_policy.txt,Information Security,four levels; owner submits review request; dept reviews/approves; downgrades need security approval
Q05,"Under the external storage media usage procedure, what application and approval steps must employees follow before using a USB device?",A05_external_storage_media_procedure.txt,Information Security,USB ports disabled by default; submit request with device/business need; dept approves; device must be registered and encrypted
Q06,What activities are prohibited and how is misuse reported under the company acceptable use policy?,A06_acceptable_use_policy.txt,Information Security,no unlicensed software/disabling agents/illegal content; BYOD enrollment required; report misuse via internal system
Q07,"Under the encryption and key management standard, how is the key lifecycle managed and how are key operations approved?",A07_encryption_key_management_standard.txt,Information Security,"AES-256 at rest, TLS 1.2+ in transit; HSM-managed keys; annual DEK rotation; dual control; key export needs security approval"
Q08,What request and approval criteria should general employees follow under the generative AI usage policy before adopting a new AI tool?,A08_generative_ai_usage_policy.txt,Information Security,submit request; dept reviews/approves after security & privacy assessment; no confidential data in public services
Q09,"Under the email security and anti-phishing guidelines, what reporting and verification steps must employees follow for a suspicious email?",A09_email_security_antiphishing_guidelines.txt,Information Security,use Report Phishing button; security reviews/confirms within 1-2 days; verify bank/credential requests via second channel
Q10,"In the remote access and VPN policy, how are authentication and connection authorization procedures handled?",A10_remote_access_vpn_policy.txt,Information Security,compliant device posture + MFA per session; submit request; dept approves; events logged; 30-min idle timeout
Q11,"Under the new account provisioning manual, how are the request, verification, and issuance steps handled for a new hire?",C11_new_account_provisioning_manual.txt,Identity and Access,manager submits request with role/team/start date; dept reviews/approves; identity verified; least-privilege baseline; MFA at first login
Q12,"How do the request, review, and approval steps proceed under the access request and approval procedure?",C12_access_request_approval_procedure.txt,Identity and Access,submit request with entitlement/reason; resource owner approves; high-risk needs security approval; SoD checks; time-bound access
Q13,"Under the privileged access management procedure, how is just-in-time elevation requested and how are privileged sessions controlled?",C13_privileged_access_management_procedure.txt,Identity and Access,JIT elevation request reviewed/approved; PAM-brokered sessions with recording; vaulted credentials rotated after use
Q14,"Under the access review procedure, how are the request, review, and approval steps for permission recertification handled?",C14_access_review_recertification_procedure.txt,Identity and Access,semi-annual/quarterly recertification; managers attest entitlements; dept approves changes; revoke removed access promptly
Q15,"Under the single sign-on onboarding guide, how does an application owner request and complete an SSO integration?",C15_sso_onboarding_guide.txt,Identity and Access,use SAML/OIDC; submit onboarding request with metadata/attributes; identity team approves and maps attributes; test before go-live
Q16,"Under the annual leave and remote work application rules, how does the process proceed from application submission to approval?",B16_annual_leave_remote_work_rules.txt,HR and Operations,"submit request with dates/backup contact; manager reviews/approves within 1-2 business days; remote up to 3 days/week, core hours 10-16"
Q17,"How do the request, settlement, and approval procedures work under the business travel and corporate card policy?",B17_business_travel_corporate_card_policy.txt,HR and Operations,department-head pre-approval; card for business only; submit settlement with receipts within 5 days; dept reviews/approves
Q18,What request and verification steps must employees follow under the company equipment issuance and return procedure?,B18_equipment_issuance_return_procedure.txt,HR and Operations,issued via IT Asset Management with asset tag; submit request; dept approves; report loss immediately; return/wipe on departure
Q19,"Where and how do employees apply for welfare points, and how are claims approved?",B19_welfare_points_application_procedure.txt,HR and Operations,apply via benefits portal selecting category + proof of payment; dept reviews/approves within 1-2 days; no cash withdrawal
Q20,"Under the external training application procedure, what submission and approval steps must employees follow?",B20_external_training_application_procedure.txt,HR and Operations,apply >=2 weeks ahead with cost/outcomes; budget pre-approval; dept reviews/approves; submit proof for reimbursement
Q21,What steps does the new hire onboarding checklist cover from before the first day through the probation period?,B21_new_hire_onboarding_checklist.txt,HR and Operations,"pre-day-one workspace/accounts/buddy; first-day identity verification, MFA, policy signing; access via least privilege; probation check-ins"
Q22,"Under the offboarding and exit procedure, how are access revocation and equipment return handled when an employee leaves?",B22_offboarding_exit_procedure.txt,HR and Operations,HR sets last day; access disabled and credentials revoked on final day; equipment returned/wiped; badge deactivated; final settlement
Q23,How are claims submitted and approved under the expense reimbursement procedure?,B23_expense_reimbursement_procedure.txt,HR and Operations,submit claim with itemized receipts + cost center; manager approves within limits; larger amounts need extra approval; paid next cycle
Q24,How does the performance review process proceed from self-assessment through calibration and final ratings?,B24_performance_review_process.txt,HR and Operations,semi-annual cycle; self-assessment + peer feedback; manager evaluation; calibration; dept approves ratings; development plan
Q25,"Under the internal transfer and promotion procedure, how are applications reviewed and approved?",B25_internal_transfer_promotion_procedure.txt,HR and Operations,meet eligibility; apply via internal system; hiring + current managers review; dept approves; access adjusted to new role
Q26,"Under the software installation approval procedure, how do the request, review, and approval steps proceed?",D26_software_installation_approval_procedure.txt,IT and Infrastructure,catalog software needs no approval; otherwise submit request with license/need; dept reviews after security/licensing check; admin installs need change ticket
Q27,"Under the production deployment approval procedure, how are review items and approval criteria defined?",D27_production_deployment_approval_procedure.txt,IT and Infrastructure,submit deployment request with change summary/test evidence/rollback plan; dept reviews/approves; change windows; high-risk needs second approver
Q28,"How do the request, assessment, and approval stages proceed under the change management procedure?",D28_change_management_procedure.txt,IT and Infrastructure,submit change request with impact/rollback; dept assesses risk and approves; CAB for significant changes; schedule and post-implementation review
Q29,"Under the server inspection checklist, how are verification items checked and how are findings approved?",D29_server_inspection_checklist.txt,IT and Infrastructure,scheduled inspections; verify patch level/services/usage/backups/time sync/hardening; findings logged; dept reviews/approves remediation
Q30,"How do the request, review, and approval stages proceed under the infrastructure change approval procedure?",D30_infrastructure_change_approval_procedure.txt,IT and Infrastructure,submit infra change request with design/impact/rollback; dept reviews/approves; firewall/network changes need security review; maintenance windows
Q31,"Under the backup and restore procedure, how is a restore requested and how are backups retained?",D31_backup_restore_procedure.txt,IT and Infrastructure,daily incremental/weekly full; encrypted offsite + immutable copy; submit restore request; dept approves; sensitive restores need data-owner confirmation
Q32,"Under the network access control standard, how are devices authenticated and how are cross-zone access requests approved?",D32_network_access_control_standard.txt,IT and Infrastructure,segmented zones with default-deny; 802.1X cert auth; non-compliant to quarantine VLAN; cross-zone/firewall requests reviewed/approved by dept
Q33,"Under the endpoint management and patch policy, what compliance baseline must endpoints meet and how are patches handled?",D33_endpoint_management_patch_policy.txt,IT and Infrastructure,baseline: encryption + EDR + supported OS; risk-based patch schedule; critical within emergency window; exceptions reviewed/approved with expiry
Q34,"Under the cloud resource provisioning guide, how does a team request and provision cloud resources?",D34_cloud_resource_provisioning_guide.txt,IT and Infrastructure,provision via IaC templates; submit request with workload/env/cost; dept approves; production needs security review; guardrails enforce no public exposure
Q35,"Under the database access and handling standard, how is human access to production databases requested and controlled?",D35_database_access_handling_standard.txt,IT and Infrastructure,"least-privilege service accounts; human prod access only for justified tasks; submit request; dept + data owner approve; time-bound, logged; masking in non-prod"
Q36,"Under the incident response runbook, what reporting and escalation steps must on-call engineers follow?",E36_incident_response_runbook.txt,Security Response,"submit incident report, acknowledge alert, assign severity; team reviews/tracks; escalate when threshold exceeded; post-incident review"
Q37,"Under the security incident response procedure, what reporting and verification steps must employees follow?",E37_security_incident_response_procedure.txt,Security Response,submit security incident report; dept reviews/verifies scope/impact; preserve evidence; containment/eradication; recovery + notification; tracked to closure
Q38,"Under the vulnerability reporting procedure, how do the submission, review, and approval steps proceed?",E38_vulnerability_reporting_procedure.txt,Security Response,report via internal system/security mailbox with repro/impact; security verifies and assigns severity; approves remediation plan; SLA-based fixes
Q39,"Under the ransomware response playbook, how do the reporting and response procedures proceed?",E39_ransomware_response_playbook.txt,Security Response,report immediately; team confirms and activates playbook; isolate hosts; reset credentials; restore from immutable backups; eradicate vector + review
Q40,"Under the malicious email response manual, what reporting and verification steps must employees follow?",E40_malicious_email_response_manual.txt,Security Response,report message; dept reviews/verifies via detonation/sandboxing; record verdict; quarantine + block + notify; interacting users reset credentials
Q41,What retention criteria and access controls are defined under the log retention and audit policy?,E41_log_retention_audit_policy.txt,Security Response,"central SIEM; security logs >= 1 year; write-once tamper protection; restricted, logged access; access/retention changes reviewed/approved"
Q42,"Under the data breach notification procedure, how is a suspected breach assessed and how are notifications approved?",E42_data_breach_notification_procedure.txt,Security Response,privacy/security assess scope/risk; report via internal system; Legal/Privacy engaged; designated authority approves; regulators/individuals notified within required timeframe
Q43,"Under the business continuity and disaster recovery plan, how is the plan activated and how are recovery objectives tested?",E43_business_continuity_dr_plan.txt,Security Response,objectives from BIA; report disruption; dept reviews/activates plan and convenes team; redundancy/failover meet RTO/RPO; periodic drills
Q44,"Under the third-party vendor security assessment procedure, how are vendors assessed and approved before data sharing?",E44_vendor_security_assessment_procedure.txt,Security Response,submit assessment request; dept reviews posture via questionnaire/evidence; approval required before data sharing; contractual controls; ongoing monitoring
Q45,"Under the penetration test coordination procedure, how is a test scoped, authorized, and executed?",E45_penetration_test_coordination_procedure.txt,Security Response,submit test request with scope/targets/timing; dept reviews/approves; signed rules of engagement before start; testers stay in scope; findings tracked
Q46,"In the customer inquiry FAQ, what processing procedures and verification items should employees follow when responding to customers?",F46_customer_inquiry_faq.txt,Customer Support,log inquiry; verify customer identity/entitlement before sharing info; use approved templates; sensitive responses reviewed/approved; escalate complex cases
Q47,How are the processing procedure and verification steps defined in the customer support handling procedure?,F47_customer_support_handling_procedure.txt,Customer Support,tickets triaged by priority; verify identity before account changes; follow processing procedure; dept reviews/approves refunds/changes; SLA + escalation
Q48,"Under the product feature guide, what verification steps must support staff follow when assisting customers with configuration?",F48_product_feature_guide.txt,Customer Support,verify requester identity/permission and confirm outcome before config changes; dept reviews/approves billing/security changes; troubleshoot before escalating
Q49,"Under the incident notice template guide, what request and approval steps must staff follow when publishing an outage notification?",F49_incident_notice_template_guide.txt,Customer Support,use severity-appropriate template (service/impact/status/next update); submit notice; dept reviews/approves before publishing; update at promised cadence
Q50,"Under the service level agreement reference, how are priority levels and SLA performance measured and approved?",F50_service_level_agreement_reference.txt,Customer Support,priority levels with response/resolution targets; measured from ticket timestamps; exceptions/pauses reviewed/approved; service credits per contract
