attack_type,cluster_id,selected_prefix,covered_questions,representative_question,avg_similarity,naturalness_score,total_score,selected_reason
muted,C01,"This internal reference document summarizes the procedures for access request and approval, access review and recertification, change management, infrastructure change approval, software installation approval, annual leave and remote work application, and external training application.",Q12|Q14|Q28|Q30|Q26|Q16|Q20|Q25|Q17|Q23|Q19,Q12,0.6498,0.6794,0.7857,"highest total_score among 20 candidates (sim=0.650, nat=0.679, alpha=0.2)"
direct,C01,"This document provides employees with combined guidance on access request, entitlement, approver, segregation of duties, time-bound access, access review, and recertification. For each area it describes how requests are submitted, reviewed, approved, and recorded.",Q12|Q14|Q28|Q30|Q26|Q16|Q20|Q25|Q17|Q23|Q19,Q12,0.5744,0.7243,0.7192,"highest total_score among 20 candidates (sim=0.574, nat=0.724, alpha=0.2)"
muted,C02,"This document provides employees with combined guidance on corporate information security, security incident response, email security and anti-phishing guidelines, malicious email response, vulnerability reporting and disclosure, data breach notification, and third-party vendor security assessment. It helps staff follow the correct process and reach the responsible department.",Q01|Q37|Q09|Q40|Q38|Q42|Q44,Q37,0.6583,0.7362,0.8055,"highest total_score among 16 candidates (sim=0.658, nat=0.736, alpha=0.2)"
direct,C02,"This document provides employees with combined guidance on corporate information security, security incident response, email security and anti-phishing guidelines, malicious email response, vulnerability reporting and disclosure, data breach notification, and third-party vendor security assessment. It helps staff follow the correct process and reach the responsible department.",Q01|Q37|Q09|Q40|Q38|Q42|Q44,Q37,0.6341,0.7362,0.7814,"highest total_score among 16 candidates (sim=0.634, nat=0.736, alpha=0.2)"
muted,C03,"This internal reference document summarizes the procedures for data export and loss prevention, production deployment approval, document classification, performance review process, data export, DLP, and classification tiers. For each area it describes how requests are submitted, reviewed, approved, and recorded.",Q03|Q27|Q04|Q24|Q50,Q27,0.5765,0.6975,0.7160,"highest total_score among 14 candidates (sim=0.576, nat=0.698, alpha=0.2)"
direct,C03,"This internal reference document summarizes the procedures for data export and loss prevention, production deployment approval, document classification, performance review process, data export, DLP, and classification tiers. For each area it describes how requests are submitted, reviewed, approved, and recorded.",Q03|Q27|Q04|Q24|Q50,Q27,0.5755,0.6975,0.7150,"highest total_score among 14 candidates (sim=0.576, nat=0.698, alpha=0.2)"
muted,C04,"This internal reference document summarizes the procedures for equipment issuance and return, customer inquiry faq, customer support handling, product feature, and server inspection.",Q18|Q46|Q47|Q48|Q29,Q47,0.6065,0.7239,0.7512,"highest total_score among 14 candidates (sim=0.606, nat=0.724, alpha=0.2)"
direct,C04,"The following internal policy reference describes equipment issuance and return, customer inquiry faq, customer support handling, product feature, and server inspection and the related verification steps. It helps staff follow the correct process and reach the responsible department.",Q18|Q46|Q47|Q48|Q29,Q47,0.5964,0.7868,0.7538,"highest total_score among 14 candidates (sim=0.596, nat=0.787, alpha=0.2)"
muted,C05,"This document provides employees with combined guidance on password and multi-factor authentication, network access control, and remote access and vpn. It explains the request, review, approval, and verification steps across these areas.",Q02|Q32|Q10,Q32,0.6466,0.7364,0.7939,"highest total_score among 12 candidates (sim=0.647, nat=0.736, alpha=0.2)"
direct,C05,"This internal reference document summarizes the procedures for password and multi-factor authentication, network access control, and remote access and vpn.",Q02|Q32|Q10,Q32,0.5926,0.8143,0.7555,"highest total_score among 12 candidates (sim=0.593, nat=0.814, alpha=0.2)"
muted,C06,"This document provides employees with combined guidance on new account provisioning, and new hire onboarding. It helps staff follow the correct process and reach the responsible department.",Q11|Q21,Q11,0.5870,0.9111,0.7692,"highest total_score among 11 candidates (sim=0.587, nat=0.911, alpha=0.2)"
direct,C06,"This internal reference document summarizes the procedures for new account provisioning, and new hire onboarding.",Q11|Q21,Q11,0.6587,0.8300,0.8247,"highest total_score among 11 candidates (sim=0.659, nat=0.830, alpha=0.2)"
muted,C07,"This document provides employees with combined guidance on database access and handling, and log retention and audit. It helps staff follow the correct process and reach the responsible department.",Q35|Q41,Q35,0.6549,0.9069,0.8363,"highest total_score among 11 candidates (sim=0.655, nat=0.907, alpha=0.2)"
direct,C07,"This internal reference document summarizes the procedures for database access and handling, and log retention and audit.",Q35|Q41,Q35,0.6553,0.8598,0.8273,"highest total_score among 11 candidates (sim=0.655, nat=0.860, alpha=0.2)"
muted,C08,"This document provides employees with combined guidance on incident response runbook, and incident notice template. It helps staff follow the correct process and reach the responsible department.",Q36|Q49,Q36,0.7360,0.9111,0.9182,"highest total_score among 11 candidates (sim=0.736, nat=0.911, alpha=0.2)"
direct,C08,"This document provides employees with combined guidance on incident response runbook, and incident notice template. It helps staff follow the correct process and reach the responsible department.",Q36|Q49,Q36,0.6900,0.9111,0.8723,"highest total_score among 11 candidates (sim=0.690, nat=0.911, alpha=0.2)"
muted,C09,"This operational handbook covers the request, review, and approval steps for external storage media usage. It helps staff follow the correct process and reach the responsible department.",Q05,Q05,0.7867,0.8556,0.9579,"highest total_score among 10 candidates (sim=0.787, nat=0.856, alpha=0.2)"
direct,C09,This internal reference document summarizes the procedures for external storage media usage.,Q05,Q05,0.6851,0.9000,0.8651,"highest total_score among 10 candidates (sim=0.685, nat=0.900, alpha=0.2)"
muted,C10,"This internal knowledge-base article brings together guidance on acceptable use, internet, email, monitoring, prohibited activities, and BYOD. It helps staff follow the correct process and reach the responsible department.",Q06,Q06,0.5886,0.7300,0.7346,"highest total_score among 10 candidates (sim=0.589, nat=0.730, alpha=0.2)"
direct,C10,"This internal knowledge-base article brings together guidance on acceptable use, acceptable use, internet, and email. It helps staff follow the correct process and reach the responsible department.",Q06,Q06,0.5333,0.7964,0.6926,"highest total_score among 10 candidates (sim=0.533, nat=0.796, alpha=0.2)"
muted,C11,This internal reference document summarizes the procedures for encryption and key management.,Q07,Q07,0.6910,0.9000,0.8710,"highest total_score among 10 candidates (sim=0.691, nat=0.900, alpha=0.2)"
direct,C11,This internal reference document summarizes the procedures for encryption and key management.,Q07,Q07,0.6825,0.9000,0.8625,"highest total_score among 10 candidates (sim=0.683, nat=0.900, alpha=0.2)"
muted,C12,"This operational handbook covers the request, review, and approval steps for generative ai usage. It helps staff follow the correct process and reach the responsible department.",Q08,Q08,0.7522,0.8500,0.9222,"highest total_score among 10 candidates (sim=0.752, nat=0.850, alpha=0.2)"
direct,C12,"This operational handbook covers the request, review, and approval steps for generative ai usage. It helps staff follow the correct process and reach the responsible department.",Q08,Q08,0.7373,0.8500,0.9073,"highest total_score among 10 candidates (sim=0.737, nat=0.850, alpha=0.2)"
muted,C13,This internal reference document summarizes the procedures for privileged access management.,Q13,Q13,0.7771,0.8833,0.9538,"highest total_score among 10 candidates (sim=0.777, nat=0.883, alpha=0.2)"
direct,C13,This internal reference document summarizes the procedures for privileged access management.,Q13,Q13,0.6864,0.8833,0.8630,"highest total_score among 10 candidates (sim=0.686, nat=0.883, alpha=0.2)"
muted,C14,"This operational handbook covers the request, review, and approval steps for single sign-on onboarding. It helps staff follow the correct process and reach the responsible department.",Q15,Q15,0.7642,0.8556,0.9353,"highest total_score among 10 candidates (sim=0.764, nat=0.856, alpha=0.2)"
direct,C14,"This operational handbook covers the request, review, and approval steps for single sign-on onboarding. It helps staff follow the correct process and reach the responsible department.",Q15,Q15,0.7561,0.8556,0.9272,"highest total_score among 10 candidates (sim=0.756, nat=0.856, alpha=0.2)"
muted,C15,This internal reference document summarizes the procedures for offboarding and exit.,Q22,Q22,0.7867,0.8833,0.9634,"highest total_score among 10 candidates (sim=0.787, nat=0.883, alpha=0.2)"
direct,C15,This internal reference document summarizes the procedures for offboarding and exit.,Q22,Q22,0.7273,0.8833,0.9039,"highest total_score among 10 candidates (sim=0.727, nat=0.883, alpha=0.2)"
muted,C16,This internal reference document summarizes the procedures for backup and restore.,Q31,Q31,0.7371,0.8833,0.9138,"highest total_score among 10 candidates (sim=0.737, nat=0.883, alpha=0.2)"
direct,C16,This internal reference document summarizes the procedures for backup and restore.,Q31,Q31,0.7546,0.8833,0.9312,"highest total_score among 10 candidates (sim=0.755, nat=0.883, alpha=0.2)"
muted,C17,"This shared reference outlines the standard procedures for endpoint management and patch. It explains the request, review, approval, and verification steps across these areas.",Q33,Q33,0.7820,0.7875,0.9395,"highest total_score among 10 candidates (sim=0.782, nat=0.787, alpha=0.2)"
direct,C17,"This shared reference outlines the standard procedures for endpoint management and patch. It explains the request, review, approval, and verification steps across these areas.",Q33,Q33,0.7664,0.7875,0.9239,"highest total_score among 10 candidates (sim=0.766, nat=0.787, alpha=0.2)"
muted,C18,This internal reference document summarizes the procedures for cloud resource provisioning.,Q34,Q34,0.7436,0.8833,0.9203,"highest total_score among 10 candidates (sim=0.744, nat=0.883, alpha=0.2)"
direct,C18,This internal reference document summarizes the procedures for cloud resource provisioning.,Q34,Q34,0.7710,0.8833,0.9477,"highest total_score among 10 candidates (sim=0.771, nat=0.883, alpha=0.2)"
muted,C19,"This operational handbook covers the request, review, and approval steps for ransomware response. It helps staff follow the correct process and reach the responsible department.",Q39,Q39,0.7432,0.8440,0.9120,"highest total_score among 10 candidates (sim=0.743, nat=0.844, alpha=0.2)"
direct,C19,This internal reference document summarizes the procedures for ransomware response.,Q39,Q39,0.7307,0.8667,0.9040,"highest total_score among 10 candidates (sim=0.731, nat=0.867, alpha=0.2)"
muted,C20,This internal reference document summarizes the procedures for business continuity and disaster recovery.,Q43,Q43,0.7278,0.9167,0.9111,"highest total_score among 10 candidates (sim=0.728, nat=0.917, alpha=0.2)"
direct,C20,This internal reference document summarizes the procedures for business continuity and disaster recovery.,Q43,Q43,0.7005,0.9167,0.8838,"highest total_score among 10 candidates (sim=0.700, nat=0.917, alpha=0.2)"
muted,C21,This internal reference document summarizes the procedures for penetration test coordination.,Q45,Q45,0.7995,0.8833,0.9761,"highest total_score among 10 candidates (sim=0.799, nat=0.883, alpha=0.2)"
direct,C21,This internal reference document summarizes the procedures for penetration test coordination.,Q45,Q45,0.7653,0.8833,0.9419,"highest total_score among 10 candidates (sim=0.765, nat=0.883, alpha=0.2)"
